{"cameraMode":{"drawMode":0,"name":"Shaded","section":"Shading Mode"},"sceneLighting":false,"audioPlay":false,"sceneViewState":{"showFog":true,"showMaterialUpdate":false,"showSkybox":true,"showFlares":true,"showImageEffects":true,"showParticleSystems":true},"in2DMode":false,"pivot":{"x":0.18508407473564149,"y":0.1454230546951294,"z":0.0},"rotation":{"x":-0.00930891465395689,"y":-0.011402267031371594,"z":0.00010616086365189403,"w":-0.9998916983604431},"size":4.775439262390137,"orthographic":false}