{"cameraMode":{"drawMode":0,"name":"Shaded","section":"Shading Mode"},"sceneLighting":false,"audioPlay":false,"sceneViewState":{"showFog":true,"showMaterialUpdate":false,"showSkybox":true,"showFlares":true,"showImageEffects":true,"showParticleSystems":true},"in2DMode":false,"pivot":{"x":0.23125359416007996,"y":0.07732897996902466,"z":0.8564355373382568},"rotation":{"x":-0.00930891465395689,"y":-0.011402267031371594,"z":0.00010616086365189403,"w":-0.9998916983604431},"size":4.5305256843566898,"orthographic":false}